,Resistances,Resistances,Resistances,Resistances,Resistances,Resistances,Resistances,Resistances
,count,mean,std,min,25%,50%,75%,max
Temperature,,,,,,,,
360.0,10.0,17.410171,0.005038909604269326,17.40369,17.40591,17.410200000000003,17.4133975,17.41715
380.2,10.0,18.566434,0.007256228282578477,18.55797,18.5601075,18.565714999999997,18.572035,18.57855
