,Resistances,Resistances,Resistances,Resistances,Resistances,Resistances,Resistances,Resistances
,count,mean,std,min,25%,50%,75%,max
Temperature,,,,,,,,
301.1,10.0,16.466307000000004,0.007388668576498587,16.45264,16.461965,16.46821,16.470795,16.47735
321.0,10.0,17.656899,0.0022101807367024694,17.65371,17.65544,17.65654,17.658852500000002,17.65998
